id,order,genus,Epitet,Sp name,Complete name
459,RODENTIA,Abrawayaomys,ruschii,Abrawayaomys ruschii,"A. ruschii Cunha & Cruz, 1979"
460,RODENTIA,Akodon,azarae,Akodon azarae,"A. azarae (G. Fischer, 1829)"
461,RODENTIA,Akodon,cursor,Akodon cursor,"A. cursor (Winge, 1887)"
462,RODENTIA,Akodon,lindberghi,Akodon lindberghi,"A. lindberghi Hershkovitz, 1990"
463,RODENTIA,Akodon,montensis,Akodon montensis,"A. montensis Thomas, 1913"
464,RODENTIA,Akodon,mystax,Akodon mystax,"A. mystax Hershkovitz, 1998"
465,RODENTIA,Akodon,paranaensis,Akodon paranaensis,"A. paranaensis Christoff, Fagundes, Sbalqueiro, Mattevi & Yonenaga-Yassuda, 2000"
466,RODENTIA,Akodon,reigi,Akodon reigi,"A. reigi González, Langguth & Oliveira, 1998"
467,RODENTIA,Akodon,sanctipaulensis,Akodon sanctipaulensis,"A. sanctipaulensis Hershkovitz, 1990"
468,RODENTIA,Akodon,serrensis,Akodon serrensis,"A. serrensis Thomas, 1902"
469,RODENTIA,Akodon,toba,Akodon toba,"A. toba Thomas, 1921"
126,PRIMATES,Alouatta,belzebul,Alouatta belzebul,"A. belzebul (Linnaeus, 1766)"
127,PRIMATES,Alouatta,caraya,Alouatta caraya,"A. caraya (Humboldt, 1812)"
128,PRIMATES,Alouatta,discolor,Alouatta discolor,"A. discolor (Spix, 1823)"
129,PRIMATES,Alouatta,guariba,Alouatta guariba,"A. guariba (Humboldt, 1812)"
130,PRIMATES,Alouatta,juara,Alouatta juara,"A. juara Elliot, 1910 "
131,PRIMATES,Alouatta,macconnelli,Alouatta macconnelli,"A. macconnelli Elliot, 1910"
132,PRIMATES,Alouatta,nigerrima,Alouatta nigerrima,"A. nigerrima Lönnberg, 1941"
133,PRIMATES,Alouatta,puruensis,Alouatta puruensis,"A. puruensis Lönnberg, 1941 "
134,PRIMATES,Alouatta,seniculus,Alouatta seniculus,"A. seniculus (Linnaeus, 1766)"
135,PRIMATES,Alouatta,ululata,Alouatta ululata,"A. ululata Elliot, 1912"
327,CHIROPTERA,Ametrida,centurio,Ametrida centurio,"A. centurio Gray, 1847"
328,CHIROPTERA,Anoura,caudifer,Anoura caudifer,"A. caudifer (É. Geoffroy, 1818) 7"
329,CHIROPTERA,Anoura,geoffroyi,Anoura geoffroyi,"A. geoffroyi Gray, 1838"
120,PRIMATES,Aotus,azarae,Aotus azarae,"A. azarae (Humboldt, 1811)"
121,PRIMATES,Aotus,infulatus,Aotus infulatus,"A. infulatus (Kuhl, 1820)"
122,PRIMATES,Aotus,nancymaae,Aotus nancymaae,"A. nancymaae Hershkovitz, 1983"
123,PRIMATES,Aotus,nigriceps,Aotus nigriceps,"A. nigriceps Dollman, 1909"
124,PRIMATES,Aotus,trivirgatus,Aotus trivirgatus,"A. trivirgatus (Humboldt, 1811)"
125,PRIMATES,Aotus,vociferans,Aotus vociferans,"A. vociferans (Spix, 1823)"
261,CARNIVORA,Arctocephalus,australis,Arctocephalus australis,"A. australis (Zimmermann, 1783)"
262,CARNIVORA,Arctocephalus,australis,Arctocephalus australis,"A. australis (Zimmermann, 1783)"
263,CARNIVORA,Arctocephalus,gazella,Arctocephalus gazella,"A. gazella (Peters, 1875)"
264,CARNIVORA,Arctocephalus,tropicalis,Arctocephalus tropicalis,"A. tropicalis (J.E. Gray, 1872)"
265,CARNIVORA,Arctocephalus,tropicalis,Arctocephalus tropicalis,"A. tropicalis (J.E. Gray, 1872)"
330,CHIROPTERA,Artibeus,anderseni,Artibeus anderseni,"A. anderseni Osgood, 1916"
331,CHIROPTERA,Artibeus,cinereus,Artibeus cinereus,A. cinereus (Gervais 1855)
332,CHIROPTERA,Artibeus,concolor,Artibeus concolor,"A. concolor Peters, 1865"
333,CHIROPTERA,Artibeus,fimbriatus,Artibeus fimbriatus,"A. fimbriatus Gray, 1838 8"
334,CHIROPTERA,Artibeus,glaucus,Artibeus glaucus,"A. glaucus Thomas, 1893"
335,CHIROPTERA,Artibeus,gnomus,Artibeus gnomus,"A. gnomus Handley, 1987"
336,CHIROPTERA,Artibeus,lituratus,Artibeus lituratus,"A. lituratus (Olfers, 1818)"
337,CHIROPTERA,Artibeus,obscurus,Artibeus obscurus,"A. obscurus (Schinz, 1821)"
338,CHIROPTERA,Artibeus,planirostris,Artibeus planirostris,"A. planirostris (Spix, 1823) 9"
136,PRIMATES,Ateles,belzebuth,Ateles belzebuth,"A. belzebuth É. Geoffroy, 1806"
137,PRIMATES,Ateles,chamek,Ateles chamek,"A. chamek (Humboldt, 1812)"
138,PRIMATES,Ateles,marginatus,Ateles marginatus,"A. marginatus É. Geoffroy, 1809"
139,PRIMATES,Ateles,paniscus,Ateles paniscus,"A. paniscus (Linnaeus, 1758)"
238,CARNIVORA,Atelocynus,microtis,Atelocynus microtis,"A. microtis (Sclater, 1883)"
76,CETACEA,Balaenoptera,acutorostrata,Balaenoptera acutorostrata,"B. acutorostrata Lacépède, 1804 1"
77,CETACEA,Balaenoptera,bonaerensis,Balaenoptera bonaerensis,"B. bonaerensis Burmeister, 1867 2"
78,CETACEA,Balaenoptera,borealis,Balaenoptera borealis,"B. borealis Lesson, 1828"
79,CETACEA,Balaenoptera,edeni,Balaenoptera edeni,"B. edeni Anderson, 1879 3"
80,CETACEA,Balaenoptera,musculus,Balaenoptera musculus,"B. musculus (Linnaeus, 1758)"
81,CETACEA,Balaenoptera,physalus,Balaenoptera physalus,"B. physalus (Linnaeus, 1758)"
271,CARNIVORA,Bassaricyon,alleni,Bassaricyon alleni,"B. alleni Thomas, 1880 3"
111,CETACEA,Berardius,arnuxii,Berardius arnuxii,"B. arnuxii Duvernoy, 1851 10"
470,RODENTIA,Bibimys,labiosus,Bibimys labiosus,"B. labiosus (Winge, 1887)"
471,RODENTIA,Blarinomys,breviceps,Blarinomys breviceps,"B. breviceps (Winge, 1887)"
61,ARTIODACTYLA,Blastocerus,dichotomus,Blastocerus dichotomus,"B. dichotomus (Illiger, 1815)"
62,ARTIODACTYLA,Blastocerus,dichotomus,Blastocerus dichotomus,"B. dichotomus (Illiger, 1815)"
140,PRIMATES,Brachyteles,arachnoides,Brachyteles arachnoides,"B. arachnoides (É. Geoffroy, 1806)"
141,PRIMATES,Brachyteles,hypoxanthus,Brachyteles hypoxanthus,"B. hypoxanthus (Kuhl, 1820)"
41,PILOSA,Bradypus,torquatus,Bradypus torquatus,"B. torquatus Illiger, 1811"
42,PILOSA,Bradypus,tridactylus,Bradypus tridactylus,"B. tridactylus Linnaeus, 1758"
43,PILOSA,Bradypus,variegatus,Bradypus variegatus,"B. variegatus Schinz, 1825"
472,RODENTIA,Brucepattersonius,griserufescens,Brucepattersonius griserufescens,"B. griserufescens Hershkovitz, 1998"
473,RODENTIA,Brucepattersonius,igniventris,Brucepattersonius igniventris,"B. igniventris Hershkovitz, 1998"
474,RODENTIA,Brucepattersonius,iheringi,Brucepattersonius iheringi,"B. iheringi (Thomas, 1896)"
475,RODENTIA,Brucepattersonius,soricinus,Brucepattersonius soricinus,"B. soricinus Hershkovitz, 1998"
49,CINGULATA,Cabassous,chacoensis,Cabassous chacoensis,"C. chacoensis Wetzel, 1980"
50,CINGULATA,Cabassous,tatouay,Cabassous tatouay,"C. tatouay (Desmarest, 1804)"
51,CINGULATA,Cabassous,unicinctus,Cabassous unicinctus,"C. unicinctus (Linnaeus, 1758)"
203,PRIMATES,Cacajao,ayresi,Cacajao ayresi,"C. ayresi Boubli, da Silva, Amado, Herbk, Pontual & Farias, 2008 9"
204,PRIMATES,Cacajao,calvus,Cacajao calvus,"C. calvus (I. Geoffroy, 1847)"
205,PRIMATES,Cacajao,hosomi,Cacajao hosomi,"C. hosomi Boubli, da Silva, Amado, Herbk, Pontual & Farias, 2008 9"
206,PRIMATES,Cacajao,melanocephalus,Cacajao melanocephalus,"C. melanocephalus (Humboldt, 1812) 9"
145,PRIMATES,Callibella,humilis,Callibella humilis,"C. humilis (M. G. M. van Roosmalen, T. van Roosmalen, Mittermeier & Fonseca, 1998) 2"
207,PRIMATES,Callicebus,baptista,Callicebus baptista,"C. baptista Lönnberg, 1939"
208,PRIMATES,Callicebus,barbarabrownae,Callicebus barbarabrownae,"C. barbarabrownae Hershkovitz, 1990"
209,PRIMATES,Callicebus,bernhardi,Callicebus bernhardi,"C. bernhardi M. G. M. van Roosmalen, T. van Roosmalen & Mittermeier, 2002"
210,PRIMATES,Callicebus,brunneus,Callicebus brunneus,"C. brunneus (Wagner, 1842)"
211,PRIMATES,Callicebus,caligatus,Callicebus caligatus,"C. caligatus (Wagner, 1842)"
212,PRIMATES,Callicebus,cinerascens,Callicebus cinerascens,"C. cinerascens (Spix, 1823)"
213,PRIMATES,Callicebus,coimbrai,Callicebus coimbrai,"C. coimbrai Kobayashi & Langguth, 1999"
214,PRIMATES,Callicebus,cupreus,Callicebus cupreus,"C. cupreus (Spix, 1823)"
215,PRIMATES,Callicebus,donacophilus,Callicebus donacophilus,"C. donacophilus (d’Orbigny, 1836)"
216,PRIMATES,Callicebus,dubius,Callicebus dubius,"C. dubius Hershkovitz, 1988"
217,PRIMATES,Callicebus,hoffmannsi,Callicebus hoffmannsi,"C. hoffmannsi Thomas, 1908"
218,PRIMATES,Callicebus,lucifer,Callicebus lucifer,"C. lucifer Thomas, 1914"
219,PRIMATES,Callicebus,lugens,Callicebus lugens,"C. lugens (Humboldt, 1811)"
220,PRIMATES,Callicebus,melanochir,Callicebus melanochir,"C. melanochir (Wied-Neuwied, 1820)"
221,PRIMATES,Callicebus,moloch,Callicebus moloch,"C. moloch (Hoffmannsegg, 1807)"
222,PRIMATES,Callicebus,nigrifrons,Callicebus nigrifrons,"C. nigrifrons (Spix, 1823)"
223,PRIMATES,Callicebus,pallescens,Callicebus pallescens,"C. pallescens Thomas, 1907"
224,PRIMATES,Callicebus,personatus,Callicebus personatus,"C. personatus (É. Geoffroy, 1812)"
225,PRIMATES,Callicebus,purinus,Callicebus purinus,"C. purinus Thomas, 1927"
228,PRIMATES,Callicebus,regulus,Callicebus regulus,"C. regulus Thomas, 1927"
226,PRIMATES,Callicebus,stephennashi,Callicebus stephennashi,"C. stephennashi M. G. M. van Roosmalen, T. van Roosmalen & Mittermeier, 2002"
227,PRIMATES,Callicebus,torquatus,Callicebus torquatus,"C. torquatus (Hoffmannsegg, 1807)"
146,PRIMATES,Callimico,goeldii,Callimico goeldii,"C. goeldii (Thomas, 1904)"
610,RODENTIA,Callistomys,pictus,Callistomys pictus,"C. pictus (Pictet, 1841)"
147,PRIMATES,Callithrix,aurita,Callithrix aurita,"C. aurita (É. Geoffroy, 1812)"
148,PRIMATES,Callithrix,flaviceps,Callithrix flaviceps,"C. flaviceps (Thomas, 1903)"
149,PRIMATES,Callithrix,geoffroyi,Callithrix geoffroyi,"C. geoffroyi (Humboldt, 1812)"
150,PRIMATES,Callithrix,jacchus,Callithrix jacchus,"C. jacchus (Linnaeus, 1758)"
151,PRIMATES,Callithrix,kuhlii,Callithrix kuhlii,"C. kuhlii Coimbra-Filho, 1985"
152,PRIMATES,Callithrix,penicillata,Callithrix penicillata,"C. penicillata (É. Geoffroy, 1812)"
476,RODENTIA,Calomys,callidus,Calomys callidus,"C. callidus (Thomas, 1916) 2"
477,RODENTIA,Calomys,callosus,Calomys callosus,"C. callosus (Rengger, 1830)"
478,RODENTIA,Calomys,cerqueirai,Calomys cerqueirai,"C. cerqueirai Bonvicino, Oliveira & Gentile, 2010"
479,RODENTIA,Calomys,expulsus,Calomys expulsus,"C. expulsus (Lund, 1841)"
480,RODENTIA,Calomys,laucha,Calomys laucha,"C. laucha (G. Fischer, 1814)"
481,RODENTIA,Calomys,tener,Calomys tener,"C. tener (Winge, 1887)"
482,RODENTIA,Calomys,tocantinsi,Calomys tocantinsi,"C. tocantinsi Bonvicino, Lima & Almeida, 2003"
339,CHIROPTERA,Carollia,benkeithi,Carollia benkeithi,C. benkeithi Solari & Baker 2006
340,CHIROPTERA,Carollia,brevicauda,Carollia brevicauda,"C. brevicauda (Schinz, 1821)"
341,CHIROPTERA,Carollia,perspicillata,Carollia perspicillata,"C. perspicillata (Linnaeus, 1758)"
611,RODENTIA,Carterodon,sulcidens,Carterodon sulcidens,"C. sulcidens (Lund, 1841)"
450,RODENTIA,Cavia,aperea,Cavia aperea,"C. aperea Erxleben, 1777"
451,RODENTIA,Cavia,fulgida,Cavia fulgida,"C. fulgida Wagler, 1831"
452,RODENTIA,Cavia,intermedia,Cavia intermedia,"C. intermedia Cherem, Olimpio & Ximenez, 1999"
453,RODENTIA,Cavia,magna,Cavia magna,"C. magna Ximenez, 1980"
153,PRIMATES,Cebuella,pygmaea,Cebuella pygmaea,"C. pygmaea (Spix, 1823)"
184,PRIMATES,Cebus,albifrons,Cebus albifrons,"C. albifrons (Humboldt, 1812)"
186,PRIMATES,Cebus,kaapori,Cebus kaapori,"C. kaapori Queiroz, 1992"
187,PRIMATES,Cebus,olivaceus,Cebus olivaceus,"C. olivaceus Schomburgk, 1848"
185,PRIMATES,Cebus,unicolor,Cebus unicolor,"C. unicolor Spix, 1823"
275,CHIROPTERA,Centronycteris,maximilliani,Centronycteris maximilliani,"C. maximilliani (J. Fischer, 1829) 1"
83,CETACEA,Cephalorhynchus,commersonii,Cephalorhynchus commersonii,"C. commersonii (Lacépède, 1804) 4"
239,CARNIVORA,Cerdocyon,thous,Cerdocyon thous,"C. thous (Linnaeus, 1766)"
483,RODENTIA,Cerradomys,goytaca,Cerradomys goytaca,"C. goytaca Tavares, Pessôa & Gonçalves, 2011"
484,RODENTIA,Cerradomys,langguthi,Cerradomys langguthi,"C. langguthi Percequillo, Hingst-Zaher & Bonvicino, 2008"
485,RODENTIA,Cerradomys,maracajuensis,Cerradomys maracajuensis,"C. maracajuensis (Langguth & Bonvicino, 2002)"
486,RODENTIA,Cerradomys,marinhus,Cerradomys marinhus,"C. marinhus (Bonvicino, 2003)"
487,RODENTIA,Cerradomys,scotti,Cerradomys scotti,"C. scotti (Langguth & Bonvicino, 2002)"
488,RODENTIA,Cerradomys,subflavus,Cerradomys subflavus,"C. subflavus (Wagner, 1842)"
489,RODENTIA,Cerradomys,vivoi,Cerradomys vivoi,"C. vivoi Percequillo, Hingst-Zaher & Bonvicino, 2008"
675,RODENTIA,Chaetomys,subspinosus,Chaetomys subspinosus,"C. subspinosus (Olfers, 1818)"
342,CHIROPTERA,Chiroderma,doriae,Chiroderma doriae,"C. doriae Thomas, 1891 10"
343,CHIROPTERA,Chiroderma,trinitatum,Chiroderma trinitatum,"C. trinitatum Goodwin, 1958"
344,CHIROPTERA,Chiroderma,villosum,Chiroderma villosum,"C. villosum Peters, 1860"
345,CHIROPTERA,Chiroderma,vizottoi,Chiroderma vizottoi,"C. vizottoi Taddei & Lim, 2010"
229,PRIMATES,Chiropotes,albinasus,Chiropotes albinasus,"C. albinasus (I. Geoffroy & Deville, 1848)"
230,PRIMATES,Chiropotes,chiropotes,Chiropotes chiropotes,"C. chiropotes (Humboldt, 1811)10"
231,PRIMATES,Chiropotes,sagulatus,Chiropotes sagulatus,"C. sagulatus (Traill, 1821)10"
232,PRIMATES,Chiropotes,satanas,Chiropotes satanas,"C. satanas (Hoffmannsegg, 1807)"
233,PRIMATES,Chiropotes,utahicki,Chiropotes utahicki,"C. utahicki Hershkovitz, 1985"
346,CHIROPTERA,Choeroniscus,godmani,Choeroniscus godmani,"C. godmani Thomas, 1903"
347,CHIROPTERA,Choeroniscus,minor,Choeroniscus minor,"C. minor (Peters, 1868) 11"
45,PILOSA,Choloepus,didactylus,Choloepus didactylus,"C. didactylus (Linnaeus, 1758)"
46,PILOSA,Choloepus,hoffmanni,Choloepus hoffmanni,"C. hoffmanni Peters, 1858"
348,CHIROPTERA,Chrotopterus,auritus,Chrotopterus auritus,"C. auritus (Peters, 1856)"
240,CARNIVORA,Chrysocyon,brachyurus,Chrysocyon brachyurus,"C. brachyurus (Illiger, 1815)"
292,CHIROPTERA,Cinomops,abrasus,Cinomops abrasus,"C. abrasus (Temminck, 1826)"
293,CHIROPTERA,Cinomops,greenhalli,Cinomops greenhalli,"C. greenhalli Goodwin, 1958"
294,CHIROPTERA,Cinomops,paranus,Cinomops paranus,"C. paranus (Thomas, 1901)"
295,CHIROPTERA,Cinomops,planirostris,Cinomops planirostris,"C. planirostris (Peters, 1866)"
612,RODENTIA,Clyomys,laticeps,Clyomys laticeps,"C. laticeps (Thomas, 1909) 21"
676,RODENTIA,Coendou,insidiosus,Coendou insidiosus,"C. insidiosus (Lichtenstein, 1818)"
677,RODENTIA,Coendou,melanurus,Coendou melanurus,"C. melanurus (Wagner, 1842)"
678,RODENTIA,Coendou,nycthemera,Coendou nycthemera,"C. nycthemera (Olfers, 1818)"
679,RODENTIA,Coendou,prehensilis,Coendou prehensilis,"C. prehensilis (Linnaeus, 1758)"
680,RODENTIA,Coendou,roosmalenorum,Coendou roosmalenorum,"C. roosmalenorum (Voss & da Silva, 2001)"
681,RODENTIA,Coendou,spinosus,Coendou spinosus,"C. spinosus (F. Cuvier, 1823)"
253,CARNIVORA,Conepatus,chinga,Conepatus chinga,"C. chinga (Molina, 1782)"
254,CARNIVORA,Conepatus,semistriatus,Conepatus semistriatus,"C. semistriatus (Boddaert, 1785)"
276,CHIROPTERA,Cormura,brevirostris,Cormura brevirostris,"C. brevirostris (Wagner, 1843)"
590,RODENTIA,Ctenomys,bolivensis,Ctenomys bolivensis,"C. bolivensis Waterhouse, 1848"
591,RODENTIA,Ctenomys,brasiliensis,Ctenomys brasiliensis,"C. brasiliensis Blainville, 1826 15"
592,RODENTIA,Ctenomys,flamarioni,Ctenomys flamarioni,"C. flamarioni Travi, 1981"
593,RODENTIA,Ctenomys,lami,Ctenomys lami,"C. lami Freitas, 2001"
594,RODENTIA,Ctenomys,minutus,Ctenomys minutus,"C. minutus Nehring, 1887"
595,RODENTIA,Ctenomys,nattereri,Ctenomys nattereri,"C. nattereri Wagner, 1848 16"
596,RODENTIA,Ctenomys,torquatus,Ctenomys torquatus,"C. torquatus Lichtenstein, 1830"
597,RODENTIA,Cuniculus,paca,Cuniculus paca,"C. paca (Linnaeus, 1766)"
44,PILOSA,Cyclopes,didactylus,Cyclopes didactylus,"C. didactylus (Linnaeus, 1758)"
277,CHIROPTERA,Cyttarops,alecto,Cyttarops alecto,"C. alecto Thomas, 1913"
613,RODENTIA,Dactylomys,boliviensis,Dactylomys boliviensis,"D. boliviensis Anthony, 1920"
614,RODENTIA,Dactylomys,dactylinus,Dactylomys dactylinus,"D. dactylinus (Desmarest, 1817)"
598,RODENTIA,Dasyprocta,aurea,Dasyprocta aurea,"D. aurea Cope, 1889 17"
599,RODENTIA,Dasyprocta,azarae,Dasyprocta azarae,"D. azarae Lichtenstein, 1823"
600,RODENTIA,Dasyprocta,catrinae,Dasyprocta catrinae,"D. catrinae (Thomas, 1917) 17"
601,RODENTIA,Dasyprocta,croconota,Dasyprocta croconota,"D. croconota Wagler, 1831 18"
602,RODENTIA,Dasyprocta,fuliginosa,Dasyprocta fuliginosa,"D. fuliginosa Wagler, 1832"
604,RODENTIA,Dasyprocta,leporina,Dasyprocta leporina,"D. leporina (Linnaeus, 1758)"
605,RODENTIA,Dasyprocta,nigriclunis,Dasyprocta nigriclunis,"D. nigriclunis Osgood, 1916 19"
606,RODENTIA,Dasyprocta,prymnolopha,Dasyprocta prymnolopha,"D. prymnolopha Wagler, 1831"
603,RODENTIA,Dasyprocta,variegata,Dasyprocta variegata,"D. variegata Tschudi, 1844 20"
52,CINGULATA,Dasypus,hybridus,Dasypus hybridus,"D. hybridus (Desmarest, 1804)"
53,CINGULATA,Dasypus,kappleri,Dasypus kappleri,"D. kappleri Krauss, 1862"
54,CINGULATA,Dasypus,novemcinctus,Dasypus novemcinctus,"D. novemcinctus Linnaeus, 1758"
55,CINGULATA,Dasypus,septemcinctus,Dasypus septemcinctus,"D. septemcinctus Linnaeus, 1758"
490,RODENTIA,Delomys,dorsalis,Delomys dorsalis,"D. dorsalis (Hensel, 1873)"
491,RODENTIA,Delomys,sublineatus,Delomys sublineatus,"D. sublineatus (Thomas, 1903)"
84,CETACEA,Delphinus,delphis,Delphinus delphis,"D. delphis Linnaeus, 1758 5"
492,RODENTIA,Deltamys,kempi,Deltamys kempi,"D. kempi Thomas, 1917"
349,CHIROPTERA,Desmodus,rotundus,Desmodus rotundus,"D. rotundus (É. Geoffroy, 1810)"
350,CHIROPTERA,Diaemus,yougii,Diaemus yougii,"D. yougii (Jentink, 1893)"
278,CHIROPTERA,Diclidurus,albus,Diclidurus albus,"D. albus Wied-Neuwied, 1820"
279,CHIROPTERA,Diclidurus,ingens,Diclidurus ingens,"D. ingens Hernandez-Camacho, 1955"
280,CHIROPTERA,Diclidurus,isabella,Diclidurus isabella,"D. isabella (Thomas, 1920)"
281,CHIROPTERA,Diclidurus,scutatus,Diclidurus scutatus,"D. scutatus Peters, 1869"
609,RODENTIA,Dinomys,branickii,Dinomys branickii,"D. branickii Peters, 1873"
351,CHIROPTERA,Diphylla,ecaudata,Diphylla ecaudata,"D. ecaudata Spix, 1823"
493,RODENTIA,Drymoreomys,albimaculatus,Drymoreomys albimaculatus,"D. albimaculatus Percequillo, Weksler & Costa, 2011"
615,RODENTIA,Echimys,chrysurus,Echimys chrysurus,"E. chrysurus (Zimmermann, 1780)"
616,RODENTIA,Echimys,vieirai,Echimys vieirai,"E. vieirai Iack-Ximenes, Vivo & Percequillo, 2005"
255,CARNIVORA,Eira,barbara,Eira barbara,"E. barbara (Linnaeus, 1758) "
421,CHIROPTERA,Eptesicus,andinus,Eptesicus andinus,"E. andinus J. A. Allen, 1914"
422,CHIROPTERA,Eptesicus,brasiliensis,Eptesicus brasiliensis,"E. brasiliensis (Desmarest, 1819)"
423,CHIROPTERA,Eptesicus,chiriquinus,Eptesicus chiriquinus,"E. chiriquinus Thomas, 1920"
424,CHIROPTERA,Eptesicus,diminutus,Eptesicus diminutus,"E. diminutus Osgood, 1915"
425,CHIROPTERA,Eptesicus,furinalis,Eptesicus furinalis,"E. furinalis (d’Orbigny & Gervais, 1847)"
426,CHIROPTERA,Eptesicus,taddeii,Eptesicus taddeii,"E. taddeii Miranda, Bernardi & Passos, 2006"
75,CETACEA,Eubalaena,australis,Eubalaena australis,"E. australis (Desmoulins, 1822)"
296,CHIROPTERA,Eumops,auripendulus,Eumops auripendulus,"E. auripendulus (Shaw, 1800)"
297,CHIROPTERA,Eumops,bonariensis,Eumops bonariensis,"E. bonariensis (Peters, 1874)"
298,CHIROPTERA,Eumops,dabbenei,Eumops dabbenei,"E. dabbenei Thomas, 1914"
299,CHIROPTERA,Eumops,delticus,Eumops delticus,"E. delticus Thomas, 1893"
300,CHIROPTERA,Eumops,glaucinus,Eumops glaucinus,"E. glaucinus (Wagner, 1843) 2"
301,CHIROPTERA,Eumops,hansae,Eumops hansae,"E. hansae Sanborn, 1932"
302,CHIROPTERA,Eumops,maurus,Eumops maurus,"E. maurus (Thomas, 1901)"
303,CHIROPTERA,Eumops,patagonicus,Eumops patagonicus,"E. patagonicus Thomas, 1924"
304,CHIROPTERA,Eumops,perotis,Eumops perotis,"E. perotis (Schinz, 1821)"
305,CHIROPTERA,Eumops,trumbulli,Eumops trumbulli,"E. trumbulli (Thomas, 1901)"
56,CINGULATA,Euphractus,sexcinctus,Euphractus sexcinctus,"E. sexcinctus (Linnaeus, 1758)"
494,RODENTIA,Euryoryzomys,emmonsae,Euryoryzomys emmonsae,"E. emmonsae (Musser, Carleton, Brothers & Gardner, 1998)"
495,RODENTIA,Euryoryzomys,lamia,Euryoryzomys lamia,"E. lamia (Thomas, 1901)"
496,RODENTIA,Euryoryzomys,macconnelli,Euryoryzomys macconnelli,"E. macconnelli (Thomas, 1910)"
497,RODENTIA,Euryoryzomys,nitidus,Euryoryzomys nitidus,"E. nitidus (Thomas, 1884)"
498,RODENTIA,Euryoryzomys,russatus,Euryoryzomys russatus,"E. russatus (Wagner, 1848)"
617,RODENTIA,Euryzygomatomys,spinosus,Euryzygomatomys spinosus,"E. spinosus (G. Fischer, 1814)"
85,CETACEA,Feresa,attenuata,Feresa attenuata,"F. attenuata Gray, 1874 6"
291,CHIROPTERA,Furipterus,horrens,Furipterus horrens,"F. horrens (F. Cuvier, 1828)"
454,RODENTIA,Galea,flavidens,Galea flavidens,"G. flavidens (Brandt, 1835) 1"
455,RODENTIA,Galea,spixii,Galea spixii,"G. spixii (Wagler, 1831)"
256,CARNIVORA,Galictis,cuja,Galictis cuja,"G. cuja (Molina, 1782)"
257,CARNIVORA,Galictis,vittata,Galictis vittata,"G. vittata (Schreber, 1776)"
86,CETACEA,Globicephala,macrorhynchus,Globicephala macrorhynchus,"G. macrorhynchus Gray, 1846"
87,CETACEA,Globicephala,melas,Globicephala melas,"G. melas (Traill, 1809)"
352,CHIROPTERA,Glossophaga,commissarisi,Glossophaga commissarisi,"G. commissarisi Gardner, 1962 12"
353,CHIROPTERA,Glossophaga,longirostris,Glossophaga longirostris,"G. longirostris Miller, 1898 13"
354,CHIROPTERA,Glossophaga,soricina,Glossophaga soricina,"G. soricina (Pallas, 1766)"
355,CHIROPTERA,Glyphonycteris,behnii,Glyphonycteris behnii,"G. behnii (Peters, 1865)"
356,CHIROPTERA,Glyphonycteris,daviesi,Glyphonycteris daviesi,"G. daviesi (Hill, 1965)"
357,CHIROPTERA,Glyphonycteris,sylvestris,Glyphonycteris sylvestris,"G. sylvestris (Thomas, 1896)"
88,CETACEA,Grampus,griseus,Grampus griseus,"G. griseus (G. Cuvier, 1812)"
682,RODENTIA,Guerlinguetus,aestuans,Guerlinguetus aestuans,"G. aestuans (Linnaeus, 1766)"
683,RODENTIA,Guerlinguetus,alphonsei,Guerlinguetus alphonsei,"G. alphonsei (Thomas, 1906) 34"
684,RODENTIA,Guerlinguetus,gilvigularis,Guerlinguetus gilvigularis,"G. gilvigularis (Wagner, 1842)"
685,RODENTIA,Guerlinguetus,henseli,Guerlinguetus henseli,"G. henseli (Miranda-Ribeiro, 1941) 34"
686,RODENTIA,Guerlinguetus,ignitus,Guerlinguetus ignitus,"G. ignitus (Gray, 1867)"
687,RODENTIA,Guerlinguetus,ingrami,Guerlinguetus ingrami,"G. ingrami (Thomas, 1901) 34"
688,RODENTIA,Guerlinguetus,poaiae,Guerlinguetus poaiae,"G. poaiae Moojen, 1942 34"
499,RODENTIA,Gyldenstolpia,fronto,Gyldenstolpia fronto,"G. fronto (Winge, 1887)"
500,RODENTIA,Gyldenstolpia,planaltensis,Gyldenstolpia planaltensis,"G. planaltensis (Ávila-Pires, 1972)"
427,CHIROPTERA,Histiotus,alienus,Histiotus alienus,"H. alienus Thomas, 1916 17"
428,CHIROPTERA,Histiotus,laephotis,Histiotus laephotis,"H. laephotis Thomas, 1916 18"
429,CHIROPTERA,Histiotus,macrotus,Histiotus macrotus,"H. macrotus (Poeppig, 1835) 19"
430,CHIROPTERA,Histiotus,montanus,Histiotus montanus,"H. montanus (Philippi & Landbeck, 1861)"
431,CHIROPTERA,Histiotus,velatus,Histiotus velatus,"H. velatus (I. Geoffroy, 1824)"
501,RODENTIA,Holochilus,brasiliensis,Holochilus brasiliensis,"H. brasiliensis (Desmarest, 1819)"
502,RODENTIA,Holochilus,chacarius,Holochilus chacarius,"H. chacarius Thomas, 1906"
503,RODENTIA,Holochilus,sciureus,Holochilus sciureus,"H. sciureus Wagner, 1842"
504,RODENTIA,Holochilus,vulpinus,Holochilus vulpinus,"H. vulpinus (Brants, 1827) 3"
456,RODENTIA,Hydrochoerus,hydrochaeris,Hydrochoerus hydrochaeris,"H. hydrochaeris (Linnaeus, 1766)"
268,CARNIVORA,Hydrurga,leptonyx,Hydrurga leptonyx,"H. leptonyx (Blainville, 1820)"
1,DIDELPHIMORPHIA,Hyladelphys ,kalinowskii,Hyladelphys  kalinowskii,"H. kalinowskii (Hershkovitz, 1992) 2"
505,RODENTIA,Hylaeamys,acritus,Hylaeamys acritus,"H. acritus (Emmons & Patton, 2005) 4"
506,RODENTIA,Hylaeamys,laticeps,Hylaeamys laticeps,"H. laticeps (Lund, 1840)"
507,RODENTIA,Hylaeamys,megacephalus,Hylaeamys megacephalus,"H. megacephalus (G. Fischer, 1814)"
508,RODENTIA,Hylaeamys,oniscus,Hylaeamys oniscus,"H. oniscus (Thomas, 1904) 5"
509,RODENTIA,Hylaeamys,perenensis,Hylaeamys perenensis,"H. perenensis (J. A. Allen, 1901)"
510,RODENTIA,Hylaeamys,yunganus,Hylaeamys yunganus,"H. yunganus (Thomas, 1902)"
112,CETACEA,Hyperoodon,planifrons,Hyperoodon planifrons,"H. planifrons Flower, 1882"
104,CETACEA,Inia,geoffrensis,Inia geoffrensis,"I. geoffrensis (Blainville, 1817)"
618,RODENTIA,Isothrix,bistriata,Isothrix bistriata,"I. bistriata Wagner, 1845"
619,RODENTIA,Isothrix,negrensis,Isothrix negrensis,"I. negrensis Thomas, 1920"
620,RODENTIA,Isothrix,pagurus,Isothrix pagurus,"I. pagurus Wagner, 1845"
511,RODENTIA,Juliomys,ossitenuis,Juliomys ossitenuis,"J. ossitenuis Costa, Pavan, Leite & Fagundes, 2007"
512,RODENTIA,Juliomys,pictipes,Juliomys pictipes,"J. pictipes (Osgood, 1933)"
513,RODENTIA,Juliomys,rimofrons,Juliomys rimofrons,"J. rimofrons Oliveira & Bonvicino, 2002"
514,RODENTIA,Juscelinomys,candango,Juscelinomys candango,"J. candango Moojen, 1965 6"
621,RODENTIA,Kannabateomys,amblyonyx,Kannabateomys amblyonyx,"K. amblyonyx (Wagner, 1845)"
457,RODENTIA,Kerodon,acrobata,Kerodon acrobata,"K. acrobata Moojen, Locks & Langguth, 1997"
458,RODENTIA,Kerodon,rupestris,Kerodon rupestris,"K. rupestris (Wied-Neuwied, 1820)"
105,CETACEA,Kogia,breviceps,Kogia breviceps,"K. breviceps (Blainville, 1838)"
106,CETACEA,Kogia,sima,Kogia sima,"K. sima (Owen, 1866)"
515,RODENTIA,Kunsia,tomentosus,Kunsia tomentosus,"K. tomentosus (Lichtenstein, 1830)"
89,CETACEA,Lagenodelphis,hosei,Lagenodelphis hosei,"L. hosei Fraser, 1956 7"
90,CETACEA,Lagenorhynchus,australis,Lagenorhynchus australis,"L. australis (Peale, 1848) 4"
142,PRIMATES,Lagothrix,cana,Lagothrix cana,"L. cana (É. Geoffroy, 1812)"
143,PRIMATES,Lagothrix,lagothricha,Lagothrix lagothricha,"L. lagothricha (Humboldt, 1812)"
144,PRIMATES,Lagothrix,poeppigii,Lagothrix poeppigii,"L. poeppigii Schinz, 1844"
358,CHIROPTERA,Lampronycteris,brachyotis,Lampronycteris brachyotis,"L. brachyotis (Dobson, 1879)"
432,CHIROPTERA,Lasiurus,blossevilli,Lasiurus blossevilli,"L. blossevilli (Lesson & Garnot, 1826)"
433,CHIROPTERA,Lasiurus,castaneus,Lasiurus castaneus,"L. castaneus Handley, 1960"
434,CHIROPTERA,Lasiurus,cinereus,Lasiurus cinereus,"L. cinereus (Palisot de Beauvois, 1796)"
435,CHIROPTERA,Lasiurus,ebenus,Lasiurus ebenus,"L. ebenus Fazzolari-Corrêa, 1994"
436,CHIROPTERA,Lasiurus,ega,Lasiurus ega,"L. ega (Gervais, 1856)"
437,CHIROPTERA,Lasiurus,egregius,Lasiurus egregius,"L. egregius (Peters, 1870)"
154,PRIMATES,Leontopithecus,caissara,Leontopithecus caissara,"L. caissara Lorini & Persson, 1990"
155,PRIMATES,Leontopithecus,chrysomelas,Leontopithecus chrysomelas,"L. chrysomelas (Kuhl, 1820)"
156,PRIMATES,Leontopithecus,chrysopygus,Leontopithecus chrysopygus,"L. chrysopygus (Mikan, 1823)"
157,PRIMATES,Leontopithecus,rosalia,Leontopithecus rosalia,"L. rosalia (Linnaeus, 1766)"
244,CARNIVORA,Leopardus,braccatus,Leopardus braccatus,"L. braccatus (Cope, 1889) 1"
245,CARNIVORA,Leopardus,geoffroyi,Leopardus geoffroyi,"L. geoffroyi (d’Orbigny & Gervais, 1844)"
246,CARNIVORA,Leopardus,pardalis,Leopardus pardalis,"L. pardalis (Linnaeus, 1758)"
247,CARNIVORA,Leopardus,pardalis,Leopardus pardalis,"L. pardalis (Linnaeus, 1758)"
248,CARNIVORA,Leopardus,tigrinus,Leopardus tigrinus,"L. tigrinus (Schreber, 1775)"
249,CARNIVORA,Leopardus,wiedii,Leopardus wiedii,"L. wiedii (Schinz, 1821)"
359,CHIROPTERA,Lichonycteris,degener,Lichonycteris degener,"L. degener Miller, 1831"
360,CHIROPTERA,Lionycteris,spurrelli,Lionycteris spurrelli,"L. spurrelli Thomas, 1913"
91,CETACEA,Lissodelphis,peronii,Lissodelphis peronii,"L. peronii (Lacépède, 1804)"
269,CARNIVORA,Lobodon,carcinophaga,Lobodon carcinophaga,"L. carcinophaga (Hombron & Jacquinot, 1842)"
361,CHIROPTERA,Lonchophylla,bokermanni,Lonchophylla bokermanni,"L. bokermanni Sazima, Vizotto & Taddei, 1978 "
362,CHIROPTERA,Lonchophylla,dekeyseri,Lonchophylla dekeyseri,"L. dekeyseri Taddei, Vizotto & Sazima, 1983"
363,CHIROPTERA,Lonchophylla,mordax,Lonchophylla mordax,"L. mordax Thomas, 1903"
364,CHIROPTERA,Lonchophylla,thomasi,Lonchophylla thomasi,"L. thomasi J. A. Allen, 1904"
365,CHIROPTERA,Lonchorhina,aurita,Lonchorhina aurita,"L. aurita Tomes, 1863"
366,CHIROPTERA,Lonchorhina,inusitata,Lonchorhina inusitata,"L. inusitata Handley & Ochoa, 1997 14"
622,RODENTIA,Lonchothrix,emiliae,Lonchothrix emiliae,"L. emiliae Thomas, 1920"
258,CARNIVORA,Lontra,longicaudis,Lontra longicaudis,"L. longicaudis (Olfers, 1818)"
367,CHIROPTERA,Lophostoma,brasiliense,Lophostoma brasiliense,"L. brasiliense Peters, 1867"
368,CHIROPTERA,Lophostoma,carrikeri,Lophostoma carrikeri,"L. carrikeri (J. A. Allen, 1910) 15"
369,CHIROPTERA,Lophostoma,schulzi,Lophostoma schulzi,"L. schulzi (Genoways & Williams, 1980)"
370,CHIROPTERA,Lophostoma,silvicolum,Lophostoma silvicolum,"L. silvicolum d’Orbigny, 1836"
516,RODENTIA,Lundomys,molitor,Lundomys molitor,"L. molitor (Winge, 1887)"
2,DIDELPHIMORPHIA,Lutreolina,crassicaudata,Lutreolina crassicaudata,"L. crassicaudata (Desmarest, 1804)"
241,CARNIVORA,Lycalopex,gymnocercus,Lycalopex gymnocercus,"L. gymnocercus (G. Fischer, 1814)"
242,CARNIVORA,Lycalopex,vetulus,Lycalopex vetulus,"L. vetulus (Lund, 1842)"
371,CHIROPTERA,Macrophyllum,macrophyllum,Macrophyllum macrophyllum,"M. macrophyllum (Schinz, 1821)"
623,RODENTIA,Makalata,didelphoides,Makalata didelphoides,"M. didelphoides (Desmarest, 1817)"
624,RODENTIA,Makalata,macrura,Makalata macrura,"M. macrura (Wagner, 1842)"
625,RODENTIA,Makalata,obscura,Makalata obscura,"M. obscura (Wagner, 1840) 22"
3,DIDELPHIMORPHIA,Marmosa,lepida,Marmosa lepida,"M. lepida (Thomas, 1888)"
4,DIDELPHIMORPHIA,Marmosa,murina,Marmosa murina,"M. murina (Linnaeus, 1758)"
5,DIDELPHIMORPHIA,Marmosop,bishopi,Marmosop bishopi,"M. bishopi (Pine, 1981)"
6,DIDELPHIMORPHIA,Marmosop,impavidus,Marmosop impavidus,"M. impavidus (Tschudi, 1844)"
7,DIDELPHIMORPHIA,Marmosop,incanus,Marmosop incanus,"M. incanus (Lund, 1840)"
8,DIDELPHIMORPHIA,Marmosop,neblina,Marmosop neblina,"M. neblina Gardner, 1989"
9,DIDELPHIMORPHIA,Marmosop,noctivagus,Marmosop noctivagus,"M. noctivagus (Tschudi, 1845)"
10,DIDELPHIMORPHIA,Marmosop,ocellatus,Marmosop ocellatus,"M. ocellatus (Tate, 1931) 1"
11,DIDELPHIMORPHIA,Marmosop,parvidens,Marmosop parvidens,"M. parvidens (Tate, 1931)"
12,DIDELPHIMORPHIA,Marmosop,paulensis,Marmosop paulensis,"M. paulensis (Tate, 1931) "
13,DIDELPHIMORPHIA,Marmosop,pinheroi,Marmosop pinheroi,"M. pinheroi (Pine, 1981)"
63,ARTIODACTYLA,Mazama,americana,Mazama americana,"M. americana (Erxleben, 1777)"
64,ARTIODACTYLA,Mazama,bororo,Mazama bororo,"M. bororo Duarte, 1996 1"
65,ARTIODACTYLA,Mazama,gouazoubira,Mazama gouazoubira,"M. gouazoubira (G. Fischer, 1814) 2"
66,ARTIODACTYLA,Mazama,nana,Mazama nana,"M. nana (Hensel, 1872)"
67,ARTIODACTYLA,Mazama,nemorivaga,Mazama nemorivaga,"M. nemorivaga (F. Cuvier, 1817) 3"
82,CETACEA,Megaptera,novaeangliae,Megaptera novaeangliae,"M. novaeangliae (Borowski, 1781)"
626,RODENTIA,Mesomys,hispidus,Mesomys hispidus,"M. hispidus (Desmarest, 1817)"
627,RODENTIA,Mesomys,occultus,Mesomys occultus,"M. occultus Patton, da Silva & Malcolm, 2000"
628,RODENTIA,Mesomys,stimulax,Mesomys stimulax,"M. stimulax Thomas, 1911"
372,CHIROPTERA,Mesophylla,macconnelli,Mesophylla macconnelli,"M. macconnelli (Thomas, 1901)"
113,CETACEA,Mesoplodon,densirostris,Mesoplodon densirostris,"M. densirostris (Blainville, 1817) 11"
114,CETACEA,Mesoplodon,europaeus,Mesoplodon europaeus,"M. europaeus (Gervais, 1855) 12"
115,CETACEA,Mesoplodon,grayi,Mesoplodon grayi,"M. grayi von Haast, 1876 13"
116,CETACEA,Mesoplodon,hectori,Mesoplodon hectori,"M. hectori (Gray, 1871)"
117,CETACEA,Mesoplodon,layardii,Mesoplodon layardii,"M. layardii (Gray, 1865) 4"
118,CETACEA,Mesoplodon,mirus,Mesoplodon mirus,"M. mirus True, 1913 14"
14,DIDELPHIMORPHIA,Metachirus,nudicaudatus,Metachirus nudicaudatus,"M. nudicaudatus (Desmarest, 1817)"
158,PRIMATES,Mico,acariensis,Mico acariensis,"M. acariensis (M. G. M. van Roosmalen, T. van Roosmalen, Mittermeier & Rylands, 2000)"
159,PRIMATES,Mico,argentatus,Mico argentatus,"M. argentatus (Linnaeus, 1771)"
160,PRIMATES,Mico,chrysoleucos,Mico chrysoleucos,"M. chrysoleucos (Wagner, 1842)"
161,PRIMATES,Mico,emiliae,Mico emiliae,"M. emiliae (Thomas, 1920)"
162,PRIMATES,Mico,humeralifer,Mico humeralifer,"M. humeralifer (É. Geoffroy, 1812)"
163,PRIMATES,Mico,intermedius,Mico intermedius,"M. intermedius (Hershkovitz, 1977)"
164,PRIMATES,Mico,leucippe,Mico leucippe,"M. leucippe (Thomas, 1922)"
165,PRIMATES,Mico,manicorensis,Mico manicorensis,"M. manicorensis (M. G. M. van Roosmalen, T. van Roosmalen, Mittermeier & Rylands, 2000)"
166,PRIMATES,Mico,marcai,Mico marcai,"M. marcai (Alperin, 1993)"
167,PRIMATES,Mico,mauesi,Mico mauesi,"M. mauesi (Mittermeier, M. Schwarz & Ayres, 1992)"
168,PRIMATES,Mico,melanurus,Mico melanurus,"M. melanurus (É. Geoffroy, 1812)"
169,PRIMATES,Mico,nigriceps,Mico nigriceps,"M. nigriceps (Ferrari & Lopes, 1992)"
170,PRIMATES,Mico,rondoni,Mico rondoni,"M. rondoni Ferrari, Sena, Schneider & Silva Junior, 2010"
171,PRIMATES,Mico,saterei,Mico saterei,"M. saterei (Silva Junior & Noronha, 1998)"
15,DIDELPHIMORPHIA,Micoureus,constantiae,Micoureus constantiae,"M. constantiae (Thomas, 1904)"
16,DIDELPHIMORPHIA,Micoureus,demerarae,Micoureus demerarae,"M. demerarae (Thomas, 1905)"
17,DIDELPHIMORPHIA,Micoureus,paraguayanus,Micoureus paraguayanus,"M. paraguayanus (Tate, 1931)"
18,DIDELPHIMORPHIA,Micoureus,regina,Micoureus regina,"M. regina (Thomas, 1898)"
517,RODENTIA,Microakodontomys,transitorius,Microakodontomys transitorius,"M. transitorius Hershkovitz, 1993"
373,CHIROPTERA,Micronycteris,brosseti,Micronycteris brosseti,"M. brosseti Simmons & Voss, 1998"
374,CHIROPTERA,Micronycteris,hirsuta,Micronycteris hirsuta,"M. hirsuta (Peters, 1869)"
375,CHIROPTERA,Micronycteris,homezi,Micronycteris homezi,"M. homezi Pirlot, 1967"
376,CHIROPTERA,Micronycteris,megalotis,Micronycteris megalotis,"M. megalotis (Gray, 1842)"
377,CHIROPTERA,Micronycteris,microtis,Micronycteris microtis,"M. microtis Miller, 1898"
378,CHIROPTERA,Micronycteris,minuta,Micronycteris minuta,"M. minuta (Gervais, 1856)"
379,CHIROPTERA,Micronycteris,sanborni,Micronycteris sanborni,"M. sanborni Simmons, 1996"
380,CHIROPTERA,Micronycteris,schmidtorum,Micronycteris schmidtorum,"M. schmidtorum (Sanborn, 1935)"
689,RODENTIA,Microsciurus,flaviventer,Microsciurus flaviventer,"M. flaviventer (Gray, 1867)"
381,CHIROPTERA,Mimon,bennettii,Mimon bennettii,"M. bennettii (Gray, 1838)"
382,CHIROPTERA,Mimon,crenulatum,Mimon crenulatum,"M. crenulatum (É. Geoffroy, 1803)"
270,CARNIVORA,Mirounga,leonina,Mirounga leonina,"M. leonina (Linnaeus, 1758)"
306,CHIROPTERA,Molossops,neglectus,Molossops neglectus,M. neglectus Williams & Genoways 1980
307,CHIROPTERA,Molossops,temminckii,Molossops temminckii,"M. temminckii (Burmeister, 1854)"
308,CHIROPTERA,Molossus,coibensis,Molossus coibensis,"M. coibensis J. A. Allen, 1904 3"
309,CHIROPTERA,Molossus,currentium,Molossus currentium,"M. currentium Thomas, 1901 4"
310,CHIROPTERA,Molossus,molossus,Molossus molossus,"M. molossus (Pallas, 1766)"
311,CHIROPTERA,Molossus,pretiosus,Molossus pretiosus,"M. pretiosus Miller, 1902 5"
312,CHIROPTERA,Molossus,rufus,Molossus rufus,"M. rufus É. Geoffroy, 1805"
19,DIDELPHIMORPHIA,Monodelphis,americana,Monodelphis americana,"M. americana (Müller, 1776)"
20,DIDELPHIMORPHIA,Monodelphis,brevicaudata,Monodelphis brevicaudata,"M. brevicaudata (Erxleben, 1777)"
21,DIDELPHIMORPHIA,Monodelphis,dimidiata,Monodelphis dimidiata,"M. dimidiata (Wagner, 1847)"
22,DIDELPHIMORPHIA,Monodelphis,domestica,Monodelphis domestica,"M. domestica (Wagner, 1842)"
23,DIDELPHIMORPHIA,Monodelphis,emiliae,Monodelphis emiliae,"M. emiliae (Thomas, 1912)"
24,DIDELPHIMORPHIA,Monodelphis,glirina,Monodelphis glirina,"M. glirina (Wagner, 1842)"
25,DIDELPHIMORPHIA,Monodelphis,iheringi,Monodelphis iheringi,"M. iheringi (Thomas, 1888)"
26,DIDELPHIMORPHIA,Monodelphis,kunsi,Monodelphis kunsi,"M. kunsi Pine, 1975"
27,DIDELPHIMORPHIA,Monodelphis,maraxina,Monodelphis maraxina,"M. maraxina Thomas, 1923"
28,DIDELPHIMORPHIA,Monodelphis,rubida,Monodelphis rubida,"M. rubida (Thomas, 1899) 3"
29,DIDELPHIMORPHIA,Monodelphis,scalops,Monodelphis scalops,"M. scalops (Thomas, 1888)"
30,DIDELPHIMORPHIA,Monodelphis,sorex,Monodelphis sorex,"M. sorex (Hensel, 1872)"
31,DIDELPHIMORPHIA,Monodelphis,theresa,Monodelphis theresa,"M. theresa Thomas, 1921"
32,DIDELPHIMORPHIA,Monodelphis,umbristriata,Monodelphis umbristriata,"M. umbristriata (Miranda-Ribeiro, 1936) 4"
33,DIDELPHIMORPHIA,Monodelphis,unistriata,Monodelphis unistriata,"M. unistriata (Wagner, 1842) 5"
259,CARNIVORA,Mustela,africana,Mustela africana,"M. africana Desmarest, 1818"
629,RODENTIA,Myocastor,coypus,Myocastor coypus,"M. coypus (Molina, 1782) 23"
607,RODENTIA,Myoprocta,acouchy,Myoprocta acouchy,"M. acouchy (Erxleben, 1777)"
608,RODENTIA,Myoprocta,pratti,Myoprocta pratti,"M. pratti Pocock, 1913"
438,CHIROPTERA,Myotis,albescens,Myotis albescens,"M. albescens (É. Geoffroy, 1806)"
439,CHIROPTERA,Myotis,dinellii,Myotis dinellii,"M. dinellii Thomas, 1902 20"
440,CHIROPTERA,Myotis,izecksohni,Myotis izecksohni,"M. izecksohni Moratelli, Peracchi, Dias & Oliveira, 2011"
441,CHIROPTERA,Myotis,lavali,Myotis lavali,"M. lavali Moratelli, Peracchi, Dias & Oliveira, 2011"
442,CHIROPTERA,Myotis,levis,Myotis levis,"M. levis (I. Geoffroy, 1824)"
443,CHIROPTERA,Myotis,nigricans,Myotis nigricans,"M. nigricans (Schinz, 1821)"
444,CHIROPTERA,Myotis,riparius,Myotis riparius,"M. riparius Handley, 1960"
445,CHIROPTERA,Myotis,ruber,Myotis ruber,"M. ruber (É. Geoffroy, 1806) 21"
446,CHIROPTERA,Myotis,simus,Myotis simus,"M. simus Thomas, 1901"
47,PILOSA,Myrmecophaga,tridactyla,Myrmecophaga tridactyla,"M. tridactyla Linnaeus, 1758"
272,CARNIVORA,Nasua,nasua,Nasua nasua,"N. nasua (Linnaeus, 1766)"
324,CHIROPTERA,Natalus,espiritosantensis,Natalus espiritosantensis,"N. espiritosantensis Ruschi, 1951"
518,RODENTIA,Neacomys,dubosti,Neacomys dubosti,"N. dubosti Voss, Lunde & Simmons, 2001"
519,RODENTIA,Neacomys,guianae,Neacomys guianae,"N. guianae Thomas, 1905 7"
520,RODENTIA,Neacomys,minutus,Neacomys minutus,"N. minutus Patton, da Silva & Malcolm, 2000"
521,RODENTIA,Neacomys,musseri,Neacomys musseri,"N. musseri Patton, da Silva & Malcolm, 2000"
522,RODENTIA,Neacomys,paracou,Neacomys paracou,"N. paracou Voss, Lunde & Simmons, 2001"
523,RODENTIA,Neacomys,spinosus,Neacomys spinosus,"N. spinosus (Thomas, 1882)"
524,RODENTIA,Necromys,lasiurus,Necromys lasiurus,"N. lasiurus (Lund, 1841)"
525,RODENTIA,Necromys,urichi,Necromys urichi,"N. urichi (J. A. Allen & Chapman, 1897)"
526,RODENTIA,Nectomys,apicalis,Nectomys apicalis,"N. apicalis Peters, 1861"
527,RODENTIA,Nectomys,rattus,Nectomys rattus,"N. rattus (Pelzeln, 1883)"
528,RODENTIA,Nectomys,squamipes,Nectomys squamipes,"N. squamipes (Brants, 1827)"
383,CHIROPTERA,Neonycteris,pusilla,Neonycteris pusilla,"N. pusilla (Sanborn, 1949)"
313,CHIROPTERA,Neoplatymops,mattogrossensis,Neoplatymops mattogrossensis,"N. mattogrossensis Vieira, 1942"
529,RODENTIA,Neusticomys,ferreirai,Neusticomys ferreirai,"N. ferreirai Percequillo, Carmignotto & Silva, 2005"
530,RODENTIA,Neusticomys,oyapocki,Neusticomys oyapocki,"N. oyapocki (Dubost & Petter, 1978)"
325,CHIROPTERA,Noctilio,albiventris,Noctilio albiventris,"N. albiventris Desmarest, 1818"
326,CHIROPTERA,Noctilio,leporinus,Noctilio leporinus,"N. leporinus (Linnaeus, 1758)"
531,RODENTIA,Noronhomys,vespuccii,Noronhomys vespuccii,"N. vespuccii Carleton & Olson, 1999 8"
314,CHIROPTERA,Nyctinomops,aurispinosus,Nyctinomops aurispinosus,"N. aurispinosus (Peale, 1848)"
315,CHIROPTERA,Nyctinomops,laticaudatus,Nyctinomops laticaudatus,"N. laticaudatus (É. Geoffroy, 1805)"
316,CHIROPTERA,Nyctinomops,macrotis,Nyctinomops macrotis,"N. macrotis (Gray, 1839)"
68,ARTIODACTYLA,Odocoileus,virginianus,Odocoileus virginianus,"O. virginianus (Zimmermann, 1780)"
69,ARTIODACTYLA,Odocoileus,virginianus,Odocoileus virginianus,"O. virginianus (Zimmermann, 1780)"
532,RODENTIA,Oecomys,auyantepui,Oecomys auyantepui,"O. auyantepui Tate, 1939"
533,RODENTIA,Oecomys,bicolor,Oecomys bicolor,"O. bicolor (Tomes, 1860)"
534,RODENTIA,Oecomys,catherinae,Oecomys catherinae,"O. catherinae Thomas, 1909"
535,RODENTIA,Oecomys,cleberi,Oecomys cleberi,"O. cleberi Locks, 1981"
536,RODENTIA,Oecomys,concolor,Oecomys concolor,"O. concolor (Wagner, 1845)"
537,RODENTIA,Oecomys,mamorae,Oecomys mamorae,"O. mamorae (Thomas, 1906)"
538,RODENTIA,Oecomys,paricola,Oecomys paricola,"O. paricola (Thomas, 1904)"
539,RODENTIA,Oecomys,rex,Oecomys rex,"O. rex Thomas, 1910"
540,RODENTIA,Oecomys,roberti,Oecomys roberti,"O. roberti (Thomas, 1904)"
541,RODENTIA,Oecomys,rutilus,Oecomys rutilus,"O. rutilus Anthony, 1921"
542,RODENTIA,Oecomys,superans,Oecomys superans,"O. superans Thomas, 1911"
543,RODENTIA,Oecomys,trinitatis,Oecomys trinitatis,"O. trinitatis (J. A. Allen & Chapman, 1893)"
544,RODENTIA,Oligoryzomys,chacoensis,Oligoryzomys chacoensis,"O. chacoensis (Myers & Carleton, 1981)"
545,RODENTIA,Oligoryzomys,flavescens,Oligoryzomys flavescens,"O. flavescens (Waterhouse, 1837)"
546,RODENTIA,Oligoryzomys,fornesi,Oligoryzomys fornesi,"O. fornesi (Massoia, 1973)"
547,RODENTIA,Oligoryzomys,fulvescens,Oligoryzomys fulvescens,"O. fulvescens (Saussure, 1860)"
548,RODENTIA,Oligoryzomys,microtis,Oligoryzomys microtis,"O. microtis (J. A. Allen, 1916)"
549,RODENTIA,Oligoryzomys,moojeni,Oligoryzomys moojeni,"O. moojeni Weksler & Bonvicino, 2005"
550,RODENTIA,Oligoryzomys,nigripes,Oligoryzomys nigripes,"O. nigripes (Olfers, 1818) 9"
551,RODENTIA,Oligoryzomys,rupestris,Oligoryzomys rupestris,"O. rupestris Weksler & Bonvicino, 2005"
552,RODENTIA,Oligoryzomys,stramineus,Oligoryzomys stramineus,"O. stramineus Bonvicino & Weksler, 1998"
92,CETACEA,Orcinus,orca,Orcinus orca,"O. orca (Linnaeus, 1758)"
266,CARNIVORA,Otaria,flavescens,Otaria flavescens,"O. flavescens (Shaw, 1800) 2"
267,CARNIVORA,Otaria,flavescens,Otaria flavescens,"O. flavescens (Shaw, 1800) 3"
553,RODENTIA,Oxymycterus,amazonicus,Oxymycterus amazonicus,"O. amazonicus Hershkovitz, 1994"
554,RODENTIA,Oxymycterus,caparaoe,Oxymycterus caparaoe,"O. caparaoe Hershkovitz, 1998 10"
555,RODENTIA,Oxymycterus,dasytrichus,Oxymycterus dasytrichus,"O. dasytrichus (Schinz, 1821)"
556,RODENTIA,Oxymycterus,delator,Oxymycterus delator,"O. delator Thomas, 1903"
557,RODENTIA,Oxymycterus,inca,Oxymycterus inca,"O. inca Thomas, 1900"
558,RODENTIA,Oxymycterus,judex,Oxymycterus judex,"O. judex Thomas, 1909 11"
559,RODENTIA,Oxymycterus,nasutus,Oxymycterus nasutus,"O. nasutus (Waterhouse, 1837)"
560,RODENTIA,Oxymycterus,quaestor,Oxymycterus quaestor,"O. quaestor Thomas, 1903"
561,RODENTIA,Oxymycterus,rufus,Oxymycterus rufus,"O. rufus (G. Fischer, 1814)"
70,ARTIODACTYLA,Ozotoceros,bezoarticus,Ozotoceros bezoarticus,"O. bezoarticus (Linnaeus, 1758)"
250,CARNIVORA,Panthera,onca,Panthera onca,"P. onca (Linnaeus, 1758)"
71,ARTIODACTYLA,Pecari,tajacu,Pecari tajacu,"P. tajacu (Linnaeus, 1758)"
93,CETACEA,Peponocephala,electra,Peponocephala electra,"P. electra (Owen, 1846)"
282,CHIROPTERA,Peropteryx,kappleri,Peropteryx kappleri,"P. kappleri Peters, 1867"
283,CHIROPTERA,Peropteryx,leucoptera,Peropteryx leucoptera,"P. leucoptera Peters, 1867"
284,CHIROPTERA,Peropteryx,macrotis,Peropteryx macrotis,"P. macrotis (Wagner, 1843)"
285,CHIROPTERA,Peropteryx,trinitatis,Peropteryx trinitatis,"P. trinitatis Miller, 1899"
562,RODENTIA,Phaenomys,ferrugineus,Phaenomys ferrugineus,"P. ferrugineus (Thomas, 1894)"
34,DIDELPHIMORPHIA,Philander,andersoni,Philander andersoni,"P. andersoni (Osgood, 1913) 6"
35,DIDELPHIMORPHIA,Philander,frenatus,Philander frenatus,"P. frenatus (Olfers, 1818)"
36,DIDELPHIMORPHIA,Philander,mcilhennyi,Philander mcilhennyi,"P. mcilhennyi Gardner & Patton, 1972"
37,DIDELPHIMORPHIA,Philander,opossum,Philander opossum,"P. opossum (Linnaeus, 1758)"
107,CETACEA,Phocoena,dioptrica,Phocoena dioptrica,"P. dioptrica Lahille, 1912 4"
108,CETACEA,Phocoena,spinipinnis,Phocoena spinipinnis,"P. spinipinnis Burmeister, 1865"
384,CHIROPTERA,Phylloderma,stenops,Phylloderma stenops,"P. stenops Peters, 1865 "
630,RODENTIA,Phyllomys,blainvilii,Phyllomys blainvilii,"P. blainvilii (Jourdan, 1837)"
631,RODENTIA,Phyllomys,brasiliensis,Phyllomys brasiliensis,"P. brasiliensis Lund, 1840"
632,RODENTIA,Phyllomys,dasythrix,Phyllomys dasythrix,"P. dasythrix Hensel, 1872"
633,RODENTIA,Phyllomys,kerri,Phyllomys kerri,"P. kerri (Moojen, 1950)"
634,RODENTIA,Phyllomys,lamarum,Phyllomys lamarum,"P. lamarum (Thomas, 1916)"
635,RODENTIA,Phyllomys,lundi,Phyllomys lundi,"P. lundi Leite, 2003"
636,RODENTIA,Phyllomys,mantiqueirensis,Phyllomys mantiqueirensis,"P. mantiqueirensis Leite, 2003"
637,RODENTIA,Phyllomys,medius,Phyllomys medius,"P. medius (Thomas, 1909)"
638,RODENTIA,Phyllomys,nigrispinus,Phyllomys nigrispinus,"P. nigrispinus (Wagner, 1842)"
639,RODENTIA,Phyllomys,pattoni,Phyllomys pattoni,"P. pattoni Emmons, Leite, Kock & Costa, 2002"
640,RODENTIA,Phyllomys,sulinus,Phyllomys sulinus,"P. sulinus Leite, Christoff & Fagundes, 2008"
641,RODENTIA,Phyllomys,thomasi,Phyllomys thomasi,"P. thomasi (Ihering, 1871)"
642,RODENTIA,Phyllomys,unicolor,Phyllomys unicolor,"P. unicolor (Wagner, 1842)"
385,CHIROPTERA,Phyllostomus,discolor,Phyllostomus discolor,"P. discolor Wagner, 1843"
386,CHIROPTERA,Phyllostomus,elongatus,Phyllostomus elongatus,"P. elongatus (É. Geoffroy, 1810)"
387,CHIROPTERA,Phyllostomus,hastatus,Phyllostomus hastatus,"P. hastatus (Pallas, 1767)"
388,CHIROPTERA,Phyllostomus,latifolius,Phyllostomus latifolius,"P. latifolius (Thomas, 1901) 16"
109,CETACEA,Physeter,macrocephalus,Physeter macrocephalus,"P. macrocephalus Linnaeus, 1758"
234,PRIMATES,Pithecia,albicans,Pithecia albicans,"P. albicans Gray, 1860"
235,PRIMATES,Pithecia,irrorata,Pithecia irrorata,"P. irrorata Gray, 1842"
236,PRIMATES,Pithecia,monachus,Pithecia monachus,"P. monachus (É. Geoffroy, 1812)"
237,PRIMATES,Pithecia,pithecia,Pithecia pithecia,"P. pithecia (Linnaeus, 1766)"
389,CHIROPTERA,Platyrrhinus,aurarius,Platyrrhinus aurarius,P. aurarius (Handley & Ferris 1972)
390,CHIROPTERA,Platyrrhinus,brachycephalus,Platyrrhinus brachycephalus,"P. brachycephalus (Rouk & Carter, 1972)"
391,CHIROPTERA,Platyrrhinus,fusciventris,Platyrrhinus fusciventris,"P. fusciventris Velazco, Gardner & Patterson, 2010"
392,CHIROPTERA,Platyrrhinus,incarum,Platyrrhinus incarum,"P. incarum (Thomas, 1912)"
393,CHIROPTERA,Platyrrhinus,infuscus,Platyrrhinus infuscus,"P. infuscus (Peters, 1880)"
394,CHIROPTERA,Platyrrhinus,lineatus,Platyrrhinus lineatus,"P. lineatus (É. Geoffroy, 1810)"
395,CHIROPTERA,Platyrrhinus,recifinus,Platyrrhinus recifinus,"P. recifinus (Thomas, 1901)"
563,RODENTIA,Podoxymys,roraimae,Podoxymys roraimae,"P. roraimae Anthony, 1929 12"
110,CETACEA,Pontoporia,blainvillei,Pontoporia blainvillei,"P. blainvillei (Gervais & d’Orbigny, 1844) "
273,CARNIVORA,Potos,flavus,Potos flavus,"P. flavus (Schreber, 1774)"
57,CINGULATA,Priodontes,maximus,Priodontes maximus,"P. maximus (Kerr, 1792)"
274,CARNIVORA,Procyon,cancrivorus,Procyon cancrivorus,"P. cancrivorus (G. Cuvier, 1798)"
643,RODENTIA,Proechimys,brevicauda,Proechimys brevicauda,"P. brevicauda (Günther, 1877)"
644,RODENTIA,Proechimys,cuvieri,Proechimys cuvieri,"P. cuvieri Petter, 1978"
645,RODENTIA,Proechimys,echinothrix,Proechimys echinothrix,"P. echinothrix da Silva, 1998"
646,RODENTIA,Proechimys,gardneri,Proechimys gardneri,"P. gardneri da Silva, 1998"
647,RODENTIA,Proechimys,goeldii,Proechimys goeldii,"P. goeldii Thomas, 1905"
648,RODENTIA,Proechimys,guyannensis,Proechimys guyannensis,"P. guyannensis (É. Geoffroy, 1803) 24"
649,RODENTIA,Proechimys,hoplomyoides,Proechimys hoplomyoides,"P. hoplomyoides (Tate, 1939) 25"
650,RODENTIA,Proechimys,kulinae,Proechimys kulinae,"P. kulinae da Silva, 1998"
651,RODENTIA,Proechimys,longicaudatus,Proechimys longicaudatus,"P. longicaudatus (Rengger, 1830)"
652,RODENTIA,Proechimys,pattoni,Proechimys pattoni,"P. pattoni da Silva, 1998"
653,RODENTIA,Proechimys,quadruplicatus,Proechimys quadruplicatus,"P. quadruplicatus Hershkovitz, 1948 26"
654,RODENTIA,Proechimys,roberti,Proechimys roberti,"P. roberti Thomas, 1901 27"
655,RODENTIA,Proechimys,simonsi,Proechimys simonsi,"P. simonsi Thomas, 1900"
656,RODENTIA,Proechimys,steerei,Proechimys steerei,"P. steerei Goldman, 1911"
317,CHIROPTERA,Promops,centralis,Promops centralis,"P. centralis Thomas, 1915"
318,CHIROPTERA,Promops,nasutus,Promops nasutus,"P. nasutus (Spix, 1823)"
94,CETACEA,Pseudorca,crassidens,Pseudorca crassidens,"P. crassidens (Owen, 1846)"
564,RODENTIA,Pseudoryzomys,simplex,Pseudoryzomys simplex,"P. simplex (Winge, 1887)"
320,CHIROPTERA,Pteronotus,davyi,Pteronotus davyi,"P. davyi Gray, 1838 6"
321,CHIROPTERA,Pteronotus,gymnonotus,Pteronotus gymnonotus,"P. gymnonotus Wagner, 1843 7"
322,CHIROPTERA,Pteronotus,parnellii,Pteronotus parnellii,"P. parnellii (Gray, 1843)"
323,CHIROPTERA,Pteronotus,personatus,Pteronotus personatus,"P. personatus (Wagner, 1843)"
260,CARNIVORA,Pteronura,brasiliensis,Pteronura brasiliensis,"P. brasiliensis (Gmelin, 1788)"
251,CARNIVORA,Puma,concolor,Puma concolor,"P. concolor (Linnaeus, 1771)"
252,CARNIVORA,Puma,yagouaroundi,Puma yagouaroundi,"P. yagouaroundi (É. Geoffroy, 1803)"
396,CHIROPTERA,Pygoderma,bilabiatum,Pygoderma bilabiatum,"P. bilabiatum (Wagner, 1843)"
565,RODENTIA,Reithrodon,typicus,Reithrodon typicus,"R. typicus Waterhouse, 1837"
566,RODENTIA,Rhagomys,rufescens,Rhagomys rufescens,"R. rufescens (Thomas, 1886)"
397,CHIROPTERA,Rhinophylla,fischerae,Rhinophylla fischerae,"R. fischerae Carter, 1966"
398,CHIROPTERA,Rhinophylla,pumilio,Rhinophylla pumilio,"R. pumilio Peters, 1865"
567,RODENTIA,Rhipidomys,cariri,Rhipidomys cariri,"R. cariri Tribe, 2005"
568,RODENTIA,Rhipidomys,emiliae,Rhipidomys emiliae,"R. emiliae (J. A. Allen, 1916)"
569,RODENTIA,Rhipidomys,gardneri,Rhipidomys gardneri,"R. gardneri Patton, da Silva & Malcolm, 2000"
570,RODENTIA,Rhipidomys,ipukensis,Rhipidomys ipukensis,"R. ipukensis Rocha, B.M.A Costa & L.P. Costa, 2011"
571,RODENTIA,Rhipidomys,itoan,Rhipidomys itoan,"R. itoan B.M.A. Costa, Geise, Pereira & L.P. Costa, 2011"
572,RODENTIA,Rhipidomys,leucodactylus,Rhipidomys leucodactylus,"R. leucodactylus (Tschudi,1845)"
573,RODENTIA,Rhipidomys,macconnelli,Rhipidomys macconnelli,"R. macconnelli de Winton, 1900 13"
574,RODENTIA,Rhipidomys,macrurus,Rhipidomys macrurus,"R. macrurus (Gervais, 1855)"
575,RODENTIA,Rhipidomys,mastacalis,Rhipidomys mastacalis,"R. mastacalis (Lund, 1840)"
576,RODENTIA,Rhipidomys,nitela,Rhipidomys nitela,"R. nitela Thomas, 1901"
577,RODENTIA,Rhipidomys,tribei,Rhipidomys tribei,"R. tribei B.M.A. Costa, Geise, Pereira & L.P. Costa, 2011"
578,RODENTIA,Rhipidomys,wetzeli,Rhipidomys wetzeli,"R. wetzeli Gardner, 1989 13"
447,CHIROPTERA,Rhogeessa,hussoni,Rhogeessa hussoni,"R. hussoni Genoways & Baker, 1996 22"
448,CHIROPTERA,Rhogeessa,io,Rhogeessa io,"R. io Thomas, 1903 22"
286,CHIROPTERA,Rhynchonycteris,naso,Rhynchonycteris naso,"R. naso (Wied-Neuwied, 1820)"
287,CHIROPTERA,Saccopteryx,bilineata,Saccopteryx bilineata,"S. bilineata (Temminck, 1838)"
288,CHIROPTERA,Saccopteryx,canescens,Saccopteryx canescens,"S. canescens Thomas, 1901"
289,CHIROPTERA,Saccopteryx,gymnura,Saccopteryx gymnura,"S. gymnura Thomas, 1901"
290,CHIROPTERA,Saccopteryx,leptura,Saccopteryx leptura,"S. leptura (Schreber, 1774)"
172,PRIMATES,Saguinus,bicolor,Saguinus bicolor,"S. bicolor (Spix, 1823)"
173,PRIMATES,Saguinus,fuscicollis,Saguinus fuscicollis,"S. fuscicollis (Spix, 1823) 3"
174,PRIMATES,Saguinus,fuscus,Saguinus fuscus,"S. fuscus (Lesson, 1840)"
175,PRIMATES,Saguinus,imperator,Saguinus imperator,"S. imperator (Goeldi, 1907)"
176,PRIMATES,Saguinus,inustus,Saguinus inustus,"S. inustus (Schwarz, 1951)"
177,PRIMATES,Saguinus,labiatus,Saguinus labiatus,"S. labiatus (É. Geoffroy, 1812)"
178,PRIMATES,Saguinus,martinsi,Saguinus martinsi,"S. martinsi (Thomas, 1912)"
179,PRIMATES,Saguinus,midas,Saguinus midas,"S. midas (Linnaeus, 1758)"
180,PRIMATES,Saguinus,mystax,Saguinus mystax,"S. mystax (Spix, 1823) 4"
181,PRIMATES,Saguinus,niger,Saguinus niger,"S. niger (É. Geoffroy, 1803)"
182,PRIMATES,Saguinus,nigricollis,Saguinus nigricollis,"S. nigricollis (Spix, 1823) 5"
183,PRIMATES,Saguinus,weddelli,Saguinus weddelli,"S. weddelli (Deville, 1849)"
196,PRIMATES,Saimiri,boliviensis,Saimiri boliviensis,"S. boliviensis (I. Geoffroy & Blainville, 1834)"
197,PRIMATES,Saimiri,cassiquiarensis,Saimiri cassiquiarensis,"S. cassiquiarensis (Lesson, 1840) 7"
198,PRIMATES,Saimiri,collinsi,Saimiri collinsi,"S. collinsi Osgood, 1916 8"
199,PRIMATES,Saimiri,macrodon,Saimiri macrodon,"S. macrodon Elliot, 1907 8"
200,PRIMATES,Saimiri,sciureus,Saimiri sciureus,"S. sciureus (Linnaeus, 1758)"
201,PRIMATES,Saimiri,ustus,Saimiri ustus,"S. ustus (I. Geoffroy, 1843)"
202,PRIMATES,Saimiri,vanzolinii,Saimiri vanzolinii,"S. vanzolinii Ayres, 1985"
188,PRIMATES,Sapajus,apella,Sapajus apella,"S. apella (Linnaeus, 1758)"
189,PRIMATES,Sapajus,cay,Sapajus cay,"S. cay (Illiger, 1815)"
190,PRIMATES,Sapajus,flavius,Sapajus flavius,"S. flavius (Schreber, 1774)"
191,PRIMATES,Sapajus,libidinosus,Sapajus libidinosus,"S. libidinosus (Spix, 1823)"
192,PRIMATES,Sapajus,macrocephalus,Sapajus macrocephalus,"S. macrocephalus (Spix, 1823)"
193,PRIMATES,Sapajus,nigritus,Sapajus nigritus,"S. nigritus (Goldfuss, 1809)"
194,PRIMATES,Sapajus,robustus,Sapajus robustus,"S. robustus (Kuhl, 1820)"
195,PRIMATES,Sapajus,xanthosternos,Sapajus xanthosternos,"S. xanthosternos (Wied-Neuwied, 1826)"
579,RODENTIA,Scapteromys,tumidus,Scapteromys tumidus,"S. tumidus (Waterhouse, 1837)"
690,RODENTIA,Sciurillus,pusillus,Sciurillus pusillus,"S. pusillus (É. Geoffroy, 1803)"
399,CHIROPTERA,Scleronycteris,ega,Scleronycteris ega,"S. ega Thomas, 1912"
580,RODENTIA,Scolomys,ucayalensis,Scolomys ucayalensis,"S. ucayalensis Pacheco, 1991"
581,RODENTIA,Sigmodon,alstoni,Sigmodon alstoni,"S. alstoni (Thomas, 1881)"
582,RODENTIA,Sooretamys,angouya,Sooretamys angouya,"S. angouya (G. Fischer, 1814)"
95,CETACEA,Sotalia,fluviatilis,Sotalia fluviatilis,"S. fluviatilis (Gervais & Deville, 1853) 8"
96,CETACEA,Sotalia,guianensis,Sotalia guianensis,"S. guianensis (van Bénéden, 1864) 8"
243,CARNIVORA,Speothos,venaticus,Speothos venaticus,"S. venaticus (Lund, 1842)"
400,CHIROPTERA,Sphaeronycteris,toxophyllum,Sphaeronycteris toxophyllum,"S. toxophyllum Peters, 1882"
97,CETACEA,Stenella,attenuata,Stenella attenuata,"S. attenuata (Gray, 1846) 9"
98,CETACEA,Stenella,clymene,Stenella clymene,"S. clymene (Gray, 1850) 9"
99,CETACEA,Stenella,coeruleoalba,Stenella coeruleoalba,"S. coeruleoalba (Meyen, 1833) 9"
100,CETACEA,Stenella,frontalis,Stenella frontalis,"S. frontalis (G. Cuvier, 1829) 9"
101,CETACEA,Stenella,longirostris,Stenella longirostris,"S. longirostris (Gray, 1828) 9"
102,CETACEA,Steno,bredanensis,Steno bredanensis,"S. bredanensis (G. Cuvier in Lesson, 1828)"
401,CHIROPTERA,Sturnira,lilium,Sturnira lilium,"S. lilium (É. Geoffroy, 1810)"
402,CHIROPTERA,Sturnira,magna,Sturnira magna,"S. magna de la Torre, 1966"
403,CHIROPTERA,Sturnira,tildae,Sturnira tildae,"S. tildae de la Torre, 1959"
449,LAGOMORPHA,Sylvilagus,brasiliensis,Sylvilagus brasiliensis,"S. brasiliensis (Linnaeus, 1758)"
319,CHIROPTERA,Tadarida,brasiliensis,Tadarida brasiliensis,"T. brasiliensis (I. Geoffroy, 1824)"
48,PILOSA,Tamandua,tetradactyla,Tamandua tetradactyla,"T. tetradactyla (Linnaeus, 1758)"
60,PERISSODACTYLA,Tapirus,terrestris,Tapirus terrestris,"T. terrestris (Linnaeus, 1758)"
72,ARTIODACTYLA,Tayassu,pecari,Tayassu pecari,"T. pecari (Link, 1795)"
583,RODENTIA,Thalpomys,cerradensis,Thalpomys cerradensis,"T. cerradensis Hershkovitz, 1990"
584,RODENTIA,Thalpomys,lasiotis,Thalpomys lasiotis,"T. lasiotis Thomas, 1916"
585,RODENTIA,Thaptomys,nigrita,Thaptomys nigrita,"T. nigrita (Lichtenstein, 1829)"
657,RODENTIA,Thrichomys,apereoides,Thrichomys apereoides,"T. apereoides (Lund, 1839)"
658,RODENTIA,Thrichomys,inermis,Thrichomys inermis,"T. inermis (Pictet, 1841)"
659,RODENTIA,Thrichomys,laurentius,Thrichomys laurentius,"T. laurentius (Thomas, 1904) 28"
660,RODENTIA,Thrichomys,pachyurus,Thrichomys pachyurus,"T. pachyurus (Wagner, 1845)"
38,DIDELPHIMORPHIA,Thylamys,karimii,Thylamys karimii,"T. karimii (Petter, 1968)"
39,DIDELPHIMORPHIA,Thylamys,macrurus,Thylamys macrurus,"T. macrurus (Olfers, 1818)"
40,DIDELPHIMORPHIA,Thylamys,velutinus,Thylamys velutinus,"T. velutinus (Wagner, 1842)"
417,CHIROPTERA,Thyroptera,devivoi,Thyroptera devivoi,"T. devivoi Gregorin, Gonçalves, Lim & Engstrom, 2006"
418,CHIROPTERA,Thyroptera,discifera,Thyroptera discifera,"T. discifera (Lichtenstein & Peters, 1854)"
419,CHIROPTERA,Thyroptera,lavali,Thyroptera lavali,"T. lavali Pine, 1993"
420,CHIROPTERA,Thyroptera,tricolor,Thyroptera tricolor,"T. tricolor Spix, 1823"
58,CINGULATA,Tolypeutes,matacus,Tolypeutes matacus,"T. matacus (Desmarest, 1804)"
59,CINGULATA,Tolypeutes,tricinctus,Tolypeutes tricinctus,"T. tricinctus (Linnaeus, 1758)"
404,CHIROPTERA,Tonatia,bidens,Tonatia bidens,"T. bidens (Spix, 1823)"
405,CHIROPTERA,Tonatia,saurophila,Tonatia saurophila,"T. saurophila Koopman & Williams, 1951 2"
661,RODENTIA,Toromys,grandis,Toromys grandis,"T. grandis (Wagner, 1845) 29"
406,CHIROPTERA,Trachops,cirrhosus,Trachops cirrhosus,"T. cirrhosus (Spix, 1823)"
73,SIRENIA,Trichechus,inunguis,Trichechus inunguis,"T. inunguis (Natterer, 1883)"
74,SIRENIA,Trichechus,manatus,Trichechus manatus,"T. manatus Linnaeus, 1758"
662,RODENTIA,Trinomys,albispinus,Trinomys albispinus,"T. albispinus (I. Geoffroy, 1838)"
663,RODENTIA,Trinomys,bonafidei,Trinomys bonafidei,"T. bonafidei (Moojen, 1948) 30"
664,RODENTIA,Trinomys,dimidiatus,Trinomys dimidiatus,"T. dimidiatus (Günther, 1877)"
665,RODENTIA,Trinomys,elegans,Trinomys elegans,"T. elegans (Lund, 1841) 31"
666,RODENTIA,Trinomys,eliasi,Trinomys eliasi,"T. eliasi (Pessôa & Reis, 1993)"
667,RODENTIA,Trinomys,iheringi,Trinomys iheringi,"T. iheringi (Thomas, 1911)"
668,RODENTIA,Trinomys,minor,Trinomys minor,"T. minor (Reis & Pessôa, 1995) 32"
669,RODENTIA,Trinomys,mirapitanga,Trinomys mirapitanga,"T. mirapitanga Lara, Patton & Hingst-Zaher, 2002"
670,RODENTIA,Trinomys,moojeni,Trinomys moojeni,"T. moojeni (Pessôa, Oliveira & Reis, 1992)"
671,RODENTIA,Trinomys,panema,Trinomys panema,"T. panema (Moojen, 1948) 30"
672,RODENTIA,Trinomys,paratus,Trinomys paratus,"T. paratus (Moojen, 1948)"
673,RODENTIA,Trinomys,setosus,Trinomys setosus,"T. setosus (Desmarest, 1817)"
674,RODENTIA,Trinomys,yonenagae,Trinomys yonenagae,"T. yonenagae (Rocha, 1995)"
407,CHIROPTERA,Trinycteris,nicefori,Trinycteris nicefori,"T. nicefori Sanborn, 1949"
103,CETACEA,Tursiops,truncatus,Tursiops truncatus,"T. truncatus (Montagu, 1821)"
408,CHIROPTERA,Uroderma,bilobatum,Uroderma bilobatum,"U. bilobatum Peters, 1866"
409,CHIROPTERA,Uroderma,magnirostrum,Uroderma magnirostrum,"U. magnirostrum Davis, 1968"
691,RODENTIA,Urosciurus,igniventris,Urosciurus igniventris,"U. igniventris (Wagner, 1842)"
692,RODENTIA,Urosciurus,spadiceus,Urosciurus spadiceus,"U. spadiceus Olfers, 1818"
410,CHIROPTERA,Vampyressa,pusilla,Vampyressa pusilla,"V. pusilla (Wagner, 1843)"
411,CHIROPTERA,Vampyressa,thyone,Vampyressa thyone,"V. thyone Thomas, 1909"
412,CHIROPTERA,Vampyriscus,bidens,Vampyriscus bidens,"V. bidens (Dobson, 1878)"
413,CHIROPTERA,Vampyriscus,brocki,Vampyriscus brocki,"V. brocki (Peterson, 1968)"
414,CHIROPTERA,Vampyrodes,caraccioli,Vampyrodes caraccioli,"V. caraccioli (Thomas, 1889)"
415,CHIROPTERA,Vampyrum,spectrum,Vampyrum spectrum,"V. spectrum (Linnaeus, 1758) 15"
586,RODENTIA,Wiedomys,cerradensis,Wiedomys cerradensis,"W. cerradensis Gonçalves, Almeida & Bonvicino, 2005"
588,RODENTIA,Wiedomys,oenax,Wiedomys oenax,"W. oenax (Thomas, 1928)"
587,RODENTIA,Wiedomys,pyrrhorhinos,Wiedomys pyrrhorhinos,"W. pyrrhorhinos (Wied-Neuwied, 1821)"
416,CHIROPTERA,Xeronycteris,vieirai,Xeronycteris vieirai,"X. vieirai Gregorin & Ditchfield, 2005"
119,CETACEA,Ziphius,cavirostris,Ziphius cavirostris,"Z. cavirostris G. Cuvier, 1823"
589,RODENTIA,Zygodontomys,brevicauda,Zygodontomys brevicauda,"Z. brevicauda (J. A. Allen & Chapman, 1893) 14"
590,DIDELPHIMORPHIA,Caluromys,lanatus,Caluromys lanatus,
591,DIDELPHIMORPHIA,Caluromys,philander,Caluromys philander ,
592,DIDELPHIMORPHIA,Caluromysiops,irrupta,Caluromysiops irrupta,
593,DIDELPHIMORPHIA,Chironectes,minimus,Chironectes minimus ,
594,DIDELPHIMORPHIA,Cryptonanus,agricolai,Cryptonanus agricolai ,
595,DIDELPHIMORPHIA,Cryptonanus,chacoensis,Cryptonanus chacoensis ,
596,DIDELPHIMORPHIA,Cryptonanus,guahybae,Cryptonanus guahybae ,
597,DIDELPHIMORPHIA,Didelphis,albiventris,Didelphis albiventris,
598,DIDELPHIMORPHIA,Didelphis,aurita,Didelphis aurita,
599,DIDELPHIMORPHIA,Didelphis,imperfecta,Didelphis imperfecta,
600,DIDELPHIMORPHIA,Didelphis,marsupialis,Didelphis marsupialis ,
601,DIDELPHIMORPHIA,Glironia,venusta,Glironia  venusta ,
602,DIDELPHIMORPHIA,Gracilinanus,agilis,Gracilinanus agilis ,
603,DIDELPHIMORPHIA,Gracilinanus,emiliae,Gracilinanus emiliae ,
604,DIDELPHIMORPHIA,Gracilinanus,microtarsus,Gracilinanus microtarsus,
